<?xml version="1.0" encoding="UTF-8"?>
<!DOCTYPE suite SYSTEM "https://testng.org/testng-1.0.dtd">
<suite name="Suite">
  <test thread-count="5" name="Test">
    <classes>
      <class name="Automation.kudoemailid_1_3_2"/>
      <class name="Automation.Activitytitle_1_2_2"/>
      <class name="Automation.kudoresend_1_3_5"/>
      <class name="Automation.kudocomment_1_3_3"/>
      <class name="Automation.kudostome_1_6_2"/>
      <class name="Automation.Logincolor_1_1_3"/>
      <class name="Automation.kudosfromme_1_6_1"/>
      <class name="Automation.count_1_6_4"/>
      
      <class name="Automation.Loginpage_1_1_1"/>
      <class name="Automation.verifysearch_1_4_3"/>
      <class name="Automation.Nameleft_1_2_1"/>
      <class name="Automation.kudocommentsend_1_3_4"/>
      <class name="Automation.namesearch_1_4_2"/>
      <class name="Automation.Logintitle_1_1_2"/>
      <class name="Automation.sendkudo_1_3_1"/>
      <class name="Automation.findkudosearch1_4_1"/>
      <class name="Automation.samekudos_1_6_5"/>
    </classes>
  </test> <!-- Test -->
</suite> <!-- Suite -->
