<?xml version="1.0" encoding="UTF-8"?>
<!DOCTYPE suite SYSTEM "https://testng.org/testng-1.0.dtd">
<suite name="Suite">
  <test thread-count="5" name="Test">
    <classes>
      <class name="Automation.kudocomment_1_3_3"/>
      <class name="Automation.sendkudo_1_3_1"/>
      <class name="Automation.findkudosearch1_4_1"/>
      <class name="Automation.Logincolor_1_1_3"/>
      <class name="Automation.kudosfromme_1_6_1"/>
      <class name="Automation.AppTest"/>
      <class name="Automation.nameinleft_1_2_1"/>
      <class name="Automation.Loginpage_1_1_1"/>
    </classes>
  </test> <!-- Test -->
</suite> <!-- Suite -->
